<?xml version="1.0" encoding="utf-8"?>
<feed xmlns="http://www.w3.org/2005/Atom" xmlns:rdf="http://www.w3.org/1999/02/22-rdf-syntax-ns#" xmlns:leap2="http://terms.leapspecs.org/" xmlns:categories="http://wiki.leapspecs.org/2A/categories" xmlns:portfolio="https://ilearn.csumb.edu/portfolio/export/leap2a/35969/1625855054"><id>https://ilearn.csumb.edu/portfolio/export/leap2a/35969/1625855054</id><title>Leap2A export from Moodle for Ricardo Barbosa</title><leap2:version>http://www.leapspecs.org/2010-07/2A/</leap2:version><generator uri="https://ilearn.csumb.edu" version="2019111803">Moodle</generator><author><name>Ricardo Barbosa</name><email>rbarbosa@csumb.edu</email><uri>https://ilearn.csumb.edu/user/view.php?id=35969</uri></author><entry><id>portfolio:storedfile24329839</id><title>PA4_Barbosa_Halbert_Reynolds_Sedano.zip</title><updated>2020-06-16T18:24:02-07:00</updated><published>2020-06-16T18:23:58-07:00</published><content/><rdf:type rdf:resource="leap2:resource"/><link rel="enclosure" href="files/PA4_Barbosa_Halbert_Reynolds_Sedano.zip" length="5634643" type="application/zip"/><category term="offline" scheme="categories:resource_type#"/></entry></feed>
