<?xml version="1.0" encoding="utf-8"?>
<feed xmlns="http://www.w3.org/2005/Atom" xmlns:rdf="http://www.w3.org/1999/02/22-rdf-syntax-ns#" xmlns:leap2="http://terms.leapspecs.org/" xmlns:categories="http://wiki.leapspecs.org/2A/categories" xmlns:portfolio="https://ilearn.csumb.edu/portfolio/export/leap2a/35969/1625855866"><id>https://ilearn.csumb.edu/portfolio/export/leap2a/35969/1625855866</id><title>Leap2A export from Moodle for Ricardo Barbosa</title><leap2:version>http://www.leapspecs.org/2010-07/2A/</leap2:version><generator uri="https://ilearn.csumb.edu" version="2019111803">Moodle</generator><author><name>Ricardo Barbosa</name><email>rbarbosa@csumb.edu</email><uri>https://ilearn.csumb.edu/user/view.php?id=35969</uri></author><entry><id>portfolio:storedfile27435249</id><title>week6 3.zip</title><updated>2020-10-22T16:49:09-07:00</updated><published>2020-10-22T16:49:07-07:00</published><content/><rdf:type rdf:resource="leap2:resource"/><link rel="enclosure" href="files/week6 3.zip" length="829415" type="application/zip"/><category term="offline" scheme="categories:resource_type#"/></entry></feed>
